Id;First Name;Last Name;Sex;Email;Date of birth;Job Title
1;Shelby;Terrell;Male;elijah57@example.net;1945.10.26;Games developer
2;Phillip;Summers;Female;bethany14@example.com;1910.03.24;Phytotherapist
3;Kristine;Travis;Male;bthompson@example.com;1992.07.02;Homeopath
4;Yesenia;Martinez;Male;kaitlinkaiser@example.com;2017.08.03;Market researcher
5;Lori;Todd;Male;buchananmanuel@example.net;1938.12.01;Veterinary surgeon
6;Erin;Day;Male;tconner@example.org;2015.10.28;Waste management officer
7;Katherine;Buck;Female;conniecowan@example.com;1989.01.22;Intelligence analyst
8;Ricardo;Hinton;Male;wyattbishop@example.com;1924.03.26;Hydrogeologist
9;Dave;Farrell;Male;nmccann@example.net;2018.10.06;Lawyer
10;Isaiah;Downs;Male;virginiaterrell@example.org;1964.09.20;Engineer
11;Sheila;Ross;Female;huangcathy@example.com;2008.03.20;Advertising account executive
12;Stacy;Newton;Male;rayleroy@example.org;1980.10.20;Warden
13;Mandy;Blake;Male;jefferynoble@example.org;2007.12.08;Scientist
14;Bridget;Nash;Female;mercedes44@example.com;2004.06.28;Social worker
15;Crystal;Farmer;Male;pmiranda@example.org;1992.03.09;Agricultural consultant
16;Thomas;Knight;Female;braunpriscilla@example.net;2006.02.18;Sport and exercise psychologist
17;Maurice;Rangel;Male;sheenabanks@example.com;2004.08.20;Secretary
18;Frank;Meadows;Male;gbrewer@example.org;2008.09.16;Audiological scientist
19;Alvin;Paul;Male;gilbertdonaldson@example.com;1949.05.12;Teacher
20;Jared;Mitchell;Female;jcortez@example.com;1921.01.18;Paediatric nurse
21;Jacqueline;Norton;Female;carias@example.net;1952.10.09;Scientist
22;Colleen;Hatfield;Female;fknox@example.org;1949.10.14;Commercial horticulturist
23;Randy;Barnes;Male;huangbill@example.org;1947.12.30;Outdoor activities
24;Janice;Rhodes;Female;juarezdominique@example.net;1999.11.01;Drilling engineer
25;Alfred;Mcneil;Female;cassandramorris@example.com;1993.05.28;Systems analyst
26;Sean;Levine;Male;sallymiller@example.net;2010.10.09;Conservation officer
27;Louis;Payne;Male;bsullivan@example.net;1916.01.29;Counsellor
28;Brittney;Vega;Female;ayalajose@example.net;1932.10.31;Recycling officer
29;Judy;Buckley;Male;irosales@example.net;1963.07.28;Art gallery manager
30;Norman;Weber;Male;mconrad@example.com;1957.05.21;Gaffer
31;Isaiah;Camacho;Female;jimblake@example.org;1966.04.07;Food technologist
32;Jacqueline;Gallagher;Male;nsampson@example.net;1999.02.25;Building services engineer
33;Bonnie;Andrews;Female;caitlin24@example.net;1953.12.21;Seismic interpreter
34;Brandon;Schmidt;Female;mconley@example.net;1931.05.12;Engineer
35;Jackson;Sparks;Female;reynoldsdarryl@example.net;1980.11.18;Set designer
36;Melody;Cook;Male;jeannovak@example.org;1963.06.25;Research scientist
37;Leonard;Hurst;Male;clinton78@example.org;1938.03.13;Accountant
38;Gene;Rich;Female;luisdeleon@example.org;1946.08.22;Surveyor
39;Cynthia;Wiggins;Female;rosariodave@example.org;1984.01.27;Outdoor activities
40;Tanya;Mckinney;Female;vickihouston@example.com;2003.03.12;Information systems manager
41;Matthew;Stone;Female;evelyn31@example.org;2017.08.23;Scientist
42;Kirk;Walsh;Female;stephenfuller@example.org;2009.04.08;Accounting technician
43;Willie;Vang;Female;haleymathews@example.net;1978.02.02;Management consultant
44;Miguel;Hill;Female;tyrone56@example.org;1930.08.26;Make
45;Darren;Andrews;Male;lhernandez@example.com;1997.10.04;Retail banker
46;Haley;Pugh;Female;molly03@example.org;1980.09.16;Commissioning editor
47;Danielle;Estrada;Female;jvang@example.org;1930.07.09;Accountant
48;Becky;Brady;Male;erikmueller@example.org;1957.06.27;Seismic interpreter
49;Caitlyn;Frey;Male;rivasdominique@example.org;1968.01.26;Jewellery designer
50;Joshua;Sweeney;Male;daisymcgee@example.net;1954.07.28;Education officer
51;Heidi;Escobar;Female;staffordtravis@example.net;1931.09.25;Estate manager
52;Brian;Oconnell;Female;saralong@example.net;1911.10.23;Physiotherapist
53;Beverly;Esparza;Female;iphelps@example.net;1930.12.09;Passenger transport manager
54;Nathaniel;Rivas;Female;roberto29@example.com;1908.11.17;Call centre manager
55;Debra;Payne;Female;yolanda07@example.org;1927.08.20;Special educational needs teacher
56;Mackenzie;Rocha;Female;abbottyvette@example.net;1980.10.21;Museum officer
57;Courtney;Watkins;Female;ochang@example.org;2003.12.07;Pension scheme manager
58;Fred;Olsen;Female;amyanderson@example.com;1910.04.10;Archaeologist
59;Ryan;Nelson;Female;qnorman@example.org;1924.05.02;Historic buildings inspector
60;Grace;Phelps;Male;clarkeangela@example.net;1909.10.15;Petroleum engineer
61;Shari;Daugherty;Male;kalvarado@example.org;1944.11.24;Curator
62;Kelli;Garner;Male;jodyvincent@example.org;2010.01.17;Retail banker
63;Jackie;Bennett;Male;hutchinsonkirk@example.com;1915.11.11;Neurosurgeon
64;Leslie;Conway;Female;floreschristina@example.org;1983.11.06;Chiropractor
65;Harold;Barnett;Female;nathan65@example.org;1943.03.15;Biochemist
66;Larry;Harper;Male;maria32@example.org;2021.05.05;Scientist
67;Mike;Ward;Female;imccullough@example.com;1967.11.09;Hydrologist
68;Brittney;Rubio;Female;corey92@example.com;1959.12.24;Biochemist
69;Frank;Pineda;Male;daltoncalvin@example.net;1926.03.10;Hospital pharmacist
70;Sandra;Wu;Male;ubanks@example.com;1925.04.28;Warehouse manager
71;Ryan;Benton;Male;lopezdebbie@example.org;2020.10.06;Physiological scientist
72;Tamara;Hull;Male;meagan39@example.net;1933.01.31;English as a second language teacher
73;Jean;Ritter;Female;kristina76@example.com;1985.08.06;Financial trader
74;Veronica;Briggs;Female;weissbridget@example.com;1974.06.08;Structural engineer
75;Kim;Andrews;Female;wpetersen@example.org;1990.11.15;Biochemist
76;Tina;Cunningham;Male;wongmary@example.org;1956.11.29;Race relations officer
77;Jonathon;Atkinson;Male;gailfrench@example.net;2011.07.19;Psychologist
78;Jermaine;Reid;Female;vpaul@example.com;1974.08.18;Newspaper journalist
79;Regina;Stevens;Male;xpoole@example.net;2011.11.28;Public house manager
80;Terrence;Huff;Male;cassandra80@example.org;1944.02.27;Careers information officer
81;Tyler;Foley;Female;johnathan72@example.org;1908.09.19;Economist
82;Andrew;Waters;Male;nhall@example.net;1948.05.14;Jewellery designer
83;Reginald;Stephenson;Male;erikaball@example.net;2010.02.08;Contracting civil engineer
84;Douglas;Reese;Female;nixonvanessa@example.net;1961.11.11;Higher education lecturer
85;Helen;Williamson;Female;melvin08@example.net;1911.08.11;Lecturer
86;Mario;Vaughn;Male;oblake@example.com;1990.07.08;Research scientist
87;Chelsea;Dickson;Male;johnnyhendricks@example.net;1958.05.13;Teacher
88;Dustin;Bailey;Male;pbarron@example.net;1908.08.22;Travel agency manager
89;Harry;Medina;Female;olsenmalik@example.net;1947.08.24;Technical sales engineer
90;Kathy;Haney;Female;teresa37@example.com;1955.09.02;Charity fundraiser
91;Alison;Nixon;Female;zmiles@example.net;1941.07.10;Patent attorney
92;Jamie;Hardy;Female;sheenadouglas@example.com;1994.07.17;Conservator
93;Melody;Cox;Female;evan90@example.org;1974.07.30;Dance movement psychotherapist
94;Xavier;Cole;Male;nicolas90@example.org;1938.11.29;Financial planner
95;Dillon;Guzman;Female;angelanavarro@example.net;1942.04.01;Air broker
96;Dennis;Barnes;Female;bmartin@example.org;1954.07.30;Software engineer
97;Steve;Patterson;Female;latasha46@example.net;1932.04.29;Barrister
98;Wesley;Bray;Male;regina11@example.org;1994.12.28;Police officer
99;Summer;Oconnell;Female;alexiscantrell@example.org;2012.04.12;Broadcast journalist
100;Mariah;Bernard;Male;pcopeland@example.org;2016.11.15;IT sales professional